TEAM_ID,PLAYER,PLAYER_ID,HOW_ACQUIRED,GP,REB,AST,TOV,STL,PTS,MIN,TEAM_NAME
1610612737,Brandon Goodwin,1629164,,34.0,72.0,51.0,29.0,12.0,206.0,430.46666666666664,Atlanta Hawks
1610612737,Nathan Knight,1630233,,20.071428571428573,50.19747899159664,27.34453781512605,14.172268907563025,9.441176470588236,109.50420168067228,285.744943977591,Atlanta Hawks
1610612737,Kevin Huerter,1628989,,56.0,228.0,213.0,87.0,51.0,684.0,1760.375,Atlanta Hawks
1610612737,Skylar Mays,1630219,,37.72928176795581,102.95580110497238,50.85635359116022,29.734806629834253,18.607734806629836,224.7513812154696,600.6825874769797,Atlanta Hawks
1610612737,Lou Williams,101150,,65.0,201.0,365.0,182.0,43.0,1185.0,1863.7083333333333,Atlanta Hawks
1610612737,Danilo Gallinari,201568,,62.0,322.0,119.0,76.0,42.0,1160.0,1833.9283333333333,Atlanta Hawks
1610612737,Trae Young,1629027,Draft Rights Traded from DAL on 06/21/18,60.0,255.0,560.0,289.0,65.0,1778.0,2120.2083333333335,Atlanta Hawks
1610612737,De'Andre Hunter,1629631,,63.0,286.0,112.0,103.0,44.0,778.0,2017.935,Atlanta Hawks
1610612737,Bogdan Bogdanović,203992,,61.0,207.0,207.0,102.0,64.0,924.0,1765.8266666666666,Atlanta Hawks
1610612737,Clint Capela,203991,,39.0,537.0,48.0,63.0,33.0,543.0,1279.3033333333333,Atlanta Hawks
1610612737,Onyeka Okongwu,1630168,#6 Pick in 2020 Draft,58.5,229.859375,115.546875,71.5,39.0,527.75,1307.3595572916668,Atlanta Hawks
1610612737,Solomon Hill,203524,,59.0,165.0,104.0,51.0,43.0,323.0,1088.3383333333334,Atlanta Hawks
1610612737,Tony Snell,203503,,59.0,111.0,127.0,31.0,32.0,474.0,1641.0766666666666,Atlanta Hawks
1610612737,John Collins,1628381,,41.0,416.0,60.0,75.0,31.0,885.0,1363.1616666666666,Atlanta Hawks
1610612737,Cam Reddish,1629629,,58.0,216.0,87.0,96.0,62.0,610.0,1550.745,Atlanta Hawks
1610612737,Bruno Fernando,1628981,,56.0,198.0,49.0,42.0,18.0,240.0,712.5283333333333,Atlanta Hawks
1610612737,Kris Dunn,1627739,,51.0,186.0,173.0,68.0,101.0,373.0,1268.62,Atlanta Hawks
1610612738,Jayson Tatum,1628369,#3 Pick in 2017 Draft,66.0,460.0,200.0,155.0,93.0,1547.0,2265.085,Boston Celtics
1610612738,Carsen Edwards,1629035,,37.0,47.0,24.0,15.0,12.0,121.0,350.53833333333336,Boston Celtics
1610612738,Jaylen Brown,1627759,#3 Pick in 2016 Draft,57.0,364.0,118.0,125.0,65.0,1159.0,1933.665,Boston Celtics
1610612738,Moses Brown,1629650,,9.0,14.0,1.0,3.0,1.0,11.0,32.843333333333334,Boston Celtics
1610612738,Payton Pritchard,1630202,#26 Pick in 2020 Draft,37.72928176795581,102.95580110497238,50.85635359116022,29.734806629834253,18.607734806629836,224.7513812154696,600.6825874769797,Boston Celtics
1610612738,Grant Williams,1629684,,69.0,178.0,68.0,50.0,30.0,237.0,1043.2233333333334,Boston Celtics
1610612738,Tristan Thompson,202684,,57.0,577.0,120.0,103.0,33.0,684.0,1721.525,Boston Celtics
1610612738,Jabari Parker,203953,,38.0,214.0,68.0,64.0,45.0,531.0,917.8116666666666,Boston Celtics
1610612738,Aaron Nesmith,1630174,,58.5,229.859375,115.546875,71.5,39.0,527.75,1307.3595572916668,Boston Celtics
1610612738,Marcus Smart,203935,,60.0,225.0,291.0,103.0,101.0,776.0,1919.27,Boston Celtics
1610612738,Semi Ojeleye,1628400,,69.0,145.0,37.0,19.0,21.0,236.0,1010.595,Boston Celtics
1610612738,Luke Kornet,1628436,,36.0,84.0,32.0,14.0,11.0,215.0,558.5433333333333,Boston Celtics
1610612738,Al Horford,201143,Traded from OKC on 06/18/21,67.0,456.0,270.0,80.0,52.0,798.0,2025.5433333333333,Boston Celtics
1610612738,Robert Williams III,1629057,,29.0,128.0,27.0,21.0,22.0,150.0,387.7733333333333,Boston Celtics
1610612738,Romeo Langford,1629641,,32.0,41.0,13.0,11.0,8.0,79.0,369.84833333333336,Boston Celtics
1610612738,Tremont Waters,1629682,,11.0,12.0,16.0,15.0,10.0,40.0,118.64166666666668,Boston Celtics
1610612738,Evan Fournier,203095,,66.0,171.0,209.0,125.0,71.0,1221.0,2075.64,Boston Celtics
1610612738,Tacko Fall,1629605,,7.0,15.0,1.0,3.0,1.0,23.0,32.53666666666667,Boston Celtics
1610612739,Kevin Love,201567,,56.0,547.0,178.0,140.0,33.0,987.0,1779.87,Cleveland Cavaliers
1610612739,Collin Sexton,1629012,,65.0,204.0,192.0,158.0,65.0,1349.0,2142.615,Cleveland Cavaliers
1610612739,Jeremiah Martin,1629725,,9.0,10.0,18.0,4.0,7.0,64.0,99.10333333333334,Cleveland Cavaliers
1610612739,Lamar Stevens,1630205,,20.071428571428573,50.19747899159664,27.34453781512605,14.172268907563025,9.441176470588236,109.50420168067228,285.744943977591,Cleveland Cavaliers
1610612739,Dylan Windler,1629685,,,,,,,,,Cleveland Cavaliers
1610612739,Darius Garland,1629636,#5 Pick in 2019 Draft,59.0,111.0,229.0,151.0,42.0,728.0,1823.9683333333332,Cleveland Cavaliers
1610612739,Taurean Prince,1627752,,64.0,381.0,116.0,127.0,57.0,773.0,1857.435,Cleveland Cavaliers
1610612739,Cedi Osman,1626224,,65.0,231.0,154.0,91.0,54.0,718.0,1910.368333333333,Cleveland Cavaliers
1610612739,Matthew Dellavedova,203521,,57.0,75.0,180.0,59.0,20.0,177.0,820.7733333333333,Cleveland Cavaliers
1610612739,Damyean Dotson,1628422,,48.0,91.0,57.0,21.0,23.0,321.0,836.0616666666666,Cleveland Cavaliers
1610612739,Larry Nance Jr.,1626204,Signed on 07/06/25,56.0,409.0,123.0,60.0,56.0,564.0,1472.1133333333332,Cleveland Cavaliers
1610612739,Mfiondu Kabengele,1629662,,12.0,11.0,2.0,2.0,2.0,42.0,64.41666666666667,Cleveland Cavaliers
1610612739,Jarrett Allen,1628386,Traded from BKN on 01/16/21,70.0,671.0,110.0,77.0,40.0,775.0,1851.8633333333332,Cleveland Cavaliers
1610612739,Dean Wade,1629731,Signed on 07/01/19,12.0,19.0,2.0,3.0,2.0,20.0,71.41666666666667,Cleveland Cavaliers
1610612739,Brodric Thomas,1630271,,20.071428571428573,50.19747899159664,27.34453781512605,14.172268907563025,9.441176470588236,109.50420168067228,285.744943977591,Cleveland Cavaliers
1610612739,Isaac Okoro,1630171,,58.5,229.859375,115.546875,71.5,39.0,527.75,1307.3595572916668,Cleveland Cavaliers
1610612739,Isaiah Hartenstein,1628392,,23.0,90.0,18.0,16.0,9.0,107.0,266.02166666666665,Cleveland Cavaliers
1610612740,Didi Louzada,1629712,,20.071428571428573,50.19747899159664,27.34453781512605,14.172268907563025,9.441176470588236,109.50420168067228,285.744943977591,New Orleans Pelicans
1610612740,Zion Williamson,1629627,#1 Pick in 2019 Draft,24.0,150.0,50.0,59.0,16.0,540.0,668.1416666666667,New Orleans Pelicans
1610612740,Lonzo Ball,1628366,,63.0,383.0,438.0,193.0,88.0,745.0,2025.215,New Orleans Pelicans
1610612740,Josh Hart,1628404,,65.0,425.0,108.0,75.0,63.0,656.0,1755.215,New Orleans Pelicans
1610612740,Wes Iwundu,1628411,,52.0,131.0,60.0,26.0,25.0,300.0,953.2933333333332,New Orleans Pelicans
1610612740,Eric Bledsoe,202339,,61.0,282.0,328.0,148.0,57.0,911.0,1646.2833333333333,New Orleans Pelicans
1610612740,Nickeil Alexander-Walker,1629638,,47.0,84.0,89.0,54.0,17.0,267.0,590.8033333333333,New Orleans Pelicans
1610612740,Naji Marshall,1630230,,20.071428571428573,50.19747899159664,27.34453781512605,14.172268907563025,9.441176470588236,109.50420168067228,285.744943977591,New Orleans Pelicans
1610612740,Willy Hernangomez,1626195,,31.0,134.0,29.0,30.0,10.0,190.0,375.2183333333333,New Orleans Pelicans
1610612740,Jaxson Hayes,1629637,,64.0,259.0,56.0,53.0,26.0,472.0,1079.715,New Orleans Pelicans
1610612740,Steven Adams,203500,,63.0,583.0,146.0,94.0,51.0,684.0,1680.51,New Orleans Pelicans
1610612740,Kira Lewis Jr.,1630184,,58.5,229.859375,115.546875,71.5,39.0,527.75,1307.3595572916668,New Orleans Pelicans
1610612740,Brandon Ingram,1627742,,62.0,380.0,259.0,189.0,61.0,1477.0,2103.44,New Orleans Pelicans
1610612740,James Johnson,201949,,32.0,118.0,74.0,48.0,25.0,270.0,619.5716666666667,New Orleans Pelicans
1610612740,James Nunnally,203263,,20.071428571428573,50.19747899159664,27.34453781512605,14.172268907563025,9.441176470588236,109.50420168067228,285.744943977591,New Orleans Pelicans
1610612740,Wenyen Gabriel,1629117,,30.0,52.0,8.0,16.0,11.0,63.0,234.91833333333332,New Orleans Pelicans
1610612741,Coby White,1629632,#7 Pick in 2019 Draft,65.0,230.0,175.0,109.0,49.0,859.0,1674.0,Chicago Bulls
1610612741,Devon Dotson,1629653,,20.071428571428573,50.19747899159664,27.34453781512605,14.172268907563025,9.441176470588236,109.50420168067228,285.744943977591,Chicago Bulls
1610612741,Al-Farouq Aminu,202329,,18.0,87.0,21.0,17.0,18.0,78.0,380.0783333333333,Chicago Bulls
1610612741,Cristiano Felicio,1626245,,22.0,102.0,16.0,18.0,10.0,86.0,385.71666666666664,Chicago Bulls
1610612741,Troy Brown Jr.,1628972,,69.0,383.0,178.0,79.0,85.0,716.0,1782.0183333333334,Chicago Bulls
1610612741,Zach LaVine,203897,,60.0,289.0,254.0,206.0,88.0,1530.0,2085.41,Chicago Bulls
1610612741,Nikola Vučević,202696,Traded from ORL on 03/25/21,62.0,673.0,222.0,88.0,54.0,1215.0,1998.1783333333333,Chicago Bulls
1610612741,Javonte Green,1629750,,48.0,93.0,26.0,23.0,24.0,163.0,467.84833333333336,Chicago Bulls
1610612741,Garrett Temple,202066,,62.0,218.0,156.0,62.0,49.0,641.0,1729.7716666666668,Chicago Bulls
1610612741,Adam Mokoka,1629690,,11.0,10.0,4.0,2.0,4.0,32.0,111.66666666666669,Chicago Bulls
1610612741,Thaddeus Young,201152,,64.0,315.0,117.0,102.0,92.0,659.0,1590.6616666666666,Chicago Bulls
1610612741,Lauri Markkanen,1628374,,50.0,313.0,74.0,81.0,42.0,737.0,1491.5783333333334,Chicago Bulls
1610612741,Daniel Theis,1628464,,65.0,426.0,111.0,54.0,37.0,601.0,1566.135,Chicago Bulls
1610612741,Tomas Satoransky,203107,,65.0,254.0,354.0,130.0,80.0,644.0,1877.9383333333333,Chicago Bulls
1610612741,Patrick Williams,1630172,#4 Pick in 2020 Draft,58.5,229.859375,115.546875,71.5,39.0,527.75,1307.3595572916668,Chicago Bulls
1610612741,Denzel Valentine,1627756,,36.0,74.0,43.0,26.0,26.0,246.0,487.895,Chicago Bulls
1610612741,Ryan Arcidiacono,1627853,,58.0,110.0,96.0,37.0,27.0,261.0,929.9733333333334,Chicago Bulls
1610612742,Josh Richardson,1626196,,55.0,174.0,162.0,104.0,52.0,755.0,1693.185,Dallas Mavericks
1610612742,Tyrell Terry,1630179,,37.72928176795581,102.95580110497238,50.85635359116022,29.734806629834253,18.607734806629836,224.7513812154696,600.6825874769797,Dallas Mavericks
1610612742,Tyler Bey,1630189,,37.72928176795581,102.95580110497238,50.85635359116022,29.734806629834253,18.607734806629836,224.7513812154696,600.6825874769797,Dallas Mavericks
1610612742,Trey Burke,203504,,33.0,50.0,83.0,21.0,16.0,243.0,520.0333333333333,Dallas Mavericks
1610612742,Kristaps Porziņģis,204001,,57.0,540.0,102.0,92.0,41.0,1164.0,1813.7766666666664,Dallas Mavericks
1610612742,Dwight Powell,203939,Traded from BOS on 12/18/14,40.0,227.0,59.0,36.0,34.0,376.0,1060.5383333333334,Dallas Mavericks
1610612742,Josh Green,1630182,,37.72928176795581,102.95580110497238,50.85635359116022,29.734806629834253,18.607734806629836,224.7513812154696,600.6825874769797,Dallas Mavericks
1610612742,Dorian Finney-Smith,1627827,,71.0,405.0,114.0,69.0,45.0,678.0,2119.5383333333334,Dallas Mavericks
1610612742,Tim Hardaway Jr.,203501,,71.0,232.0,137.0,69.0,41.0,1121.0,2091.3533333333335,Dallas Mavericks
1610612742,Jalen Brunson,1628973,,57.0,134.0,188.0,66.0,22.0,466.0,1022.0733333333334,Dallas Mavericks
1610612742,Nate Hinton,1630207,,20.071428571428573,50.19747899159664,27.34453781512605,14.172268907563025,9.441176470588236,109.50420168067228,285.744943977591,Dallas Mavericks
1610612742,JJ Redick,200755,,60.0,151.0,119.0,75.0,20.0,917.0,1580.9666666666667,Dallas Mavericks
1610612742,Willie Cauley-Stein,1626161,,54.0,315.0,70.0,40.0,49.0,390.0,1097.4466666666667,Dallas Mavericks
1610612742,Maxi Kleber,1628467,,74.0,388.0,88.0,58.0,25.0,672.0,1889.7033333333336,Dallas Mavericks
1610612742,Nicolo Melli,1629740,,60.0,180.0,82.0,46.0,34.0,395.0,1042.1233333333332,Dallas Mavericks
1610612742,Boban Marjanovic,1626246,,44.0,197.0,20.0,30.0,8.0,289.0,421.89166666666665,Dallas Mavericks
1610612742,Luka Dončić,1629029,,61.0,573.0,538.0,260.0,62.0,1759.0,2047.245,Dallas Mavericks
1610612743,JaMychal Green,203210,,63.0,388.0,49.0,54.0,29.0,430.0,1307.0416666666667,Denver Nuggets
1610612743,Markus Howard,1630210,,20.071428571428573,50.19747899159664,27.34453781512605,14.172268907563025,9.441176470588236,109.50420168067228,285.744943977591,Denver Nuggets
1610612743,Michael Porter Jr.,1629008,,55.0,259.0,46.0,49.0,27.0,512.0,903.2866666666666,Denver Nuggets
1610612743,Shaquille Harrison,1627885,,43.0,86.0,49.0,19.0,34.0,209.0,484.3516666666667,Denver Nuggets
1610612743,Paul Millsap,200794,,51.0,293.0,83.0,70.0,44.0,591.0,1239.95,Denver Nuggets
1610612743,Will Barton,203115,,58.0,365.0,212.0,88.0,61.0,874.0,1915.8383333333336,Denver Nuggets
1610612743,Facundo Campazzo,1630267,,20.071428571428573,50.19747899159664,27.34453781512605,14.172268907563025,9.441176470588236,109.50420168067228,285.744943977591,Denver Nuggets
1610612743,Bol Bol,1629626,,7.0,19.0,6.0,10.0,2.0,40.0,86.93833333333333,Denver Nuggets
1610612743,Monté Morris,1628420,,73.0,137.0,255.0,53.0,55.0,660.0,1636.5516666666667,Denver Nuggets
1610612743,Nikola Jokić,203999,#41 Pick in 2014 Draft,73.0,711.0,512.0,226.0,85.0,1456.0,2335.405,Denver Nuggets
1610612743,Zeke Nnaji,1630192,#22 Pick in 2020 Draft,37.72928176795581,102.95580110497238,50.85635359116022,29.734806629834253,18.607734806629836,224.7513812154696,600.6825874769797,Denver Nuggets
1610612743,Austin Rivers,203085,,68.0,175.0,113.0,50.0,49.0,596.0,1593.94,Denver Nuggets
1610612743,Jamal Murray,1627750,#7 Pick in 2016 Draft,59.0,236.0,284.0,127.0,67.0,1091.0,1903.4816666666663,Denver Nuggets
1610612743,Vlatko Čančar,1628427,#49 Pick in 2017 Draft,14.0,10.0,3.0,3.0,1.0,17.0,45.42,Denver Nuggets
1610612743,JaVale McGee,201580,,68.0,390.0,37.0,55.0,36.0,446.0,1130.0916666666667,Denver Nuggets
1610612743,PJ Dozier,1628408,,29.0,55.0,63.0,27.0,14.0,168.0,411.56166666666667,Denver Nuggets
1610612743,Aaron Gordon,203932,Traded from ORL on 03/25/21,62.0,475.0,228.0,100.0,51.0,894.0,2017.1433333333337,Denver Nuggets
1610612744,Gary Payton II,1627780,Traded from POR on 02/09/23,29.0,80.0,48.0,20.0,33.0,113.0,431.78,Golden State Warriors
1610612744,Damion Lee,1627814,,49.0,239.0,133.0,67.0,50.0,621.0,1422.5933333333332,Golden State Warriors
1610612744,Nico Mannion,1630185,,37.72928176795581,102.95580110497238,50.85635359116022,29.734806629834253,18.607734806629836,224.7513812154696,600.6825874769797,Golden State Warriors
1610612744,Jordan Poole,1629673,,57.0,118.0,134.0,74.0,35.0,503.0,1273.89,Golden State Warriors
1610612744,Kevon Looney,1626172,,20.0,66.0,20.0,12.0,12.0,68.0,261.6016666666667,Golden State Warriors
1610612744,Alen Smailagic,1629346,,14.0,27.0,13.0,11.0,3.0,59.0,138.89333333333337,Golden State Warriors
1610612744,Jordan Bell,1628395,,29.0,81.0,16.0,21.0,3.0,93.0,256.38666666666666,Golden State Warriors
1610612744,Eric Paschall,1629672,,60.0,275.0,127.0,94.0,32.0,837.0,1653.795,Golden State Warriors
1610612744,Klay Thompson,202691,,,,,,,,,Golden State Warriors
1610612744,Kelly Oubre Jr.,1626162,,56.0,361.0,85.0,83.0,71.0,1046.0,1933.371666666667,Golden State Warriors
1610612744,Mychal Mulder,1628539,,7.0,23.0,8.0,5.0,2.0,77.0,203.68666666666667,Golden State Warriors
1610612744,Andrew Wiggins,203952,,54.0,274.0,198.0,132.0,45.0,1175.0,1858.881666666667,Golden State Warriors
1610612744,Draymond Green,203110,#35 Pick in 2012 Draft,43.0,266.0,266.0,98.0,59.0,345.0,1221.6566666666668,Golden State Warriors
1610612744,Kent Bazemore,203145,,68.0,294.0,93.0,91.0,74.0,597.0,1687.7166666666667,Golden State Warriors
1610612744,Stephen Curry,201939,#7 Pick in 2009 Draft,5.0,26.0,33.0,16.0,5.0,104.0,139.31666666666666,Golden State Warriors
1610612744,James Wiseman,1630164,,65.28571428571429,366.07142857142856,195.6428571428571,144.14285714285714,56.285714285714285,1007.4285714285714,1901.5902380952384,Golden State Warriors
1610612744,Juan Toscano-Anderson,1629308,,13.0,52.0,26.0,16.0,13.0,69.0,272.10333333333335,Golden State Warriors
1610612745,Sterling Brown,1628425,,52.0,183.0,51.0,42.0,29.0,266.0,766.68,Houston Rockets
1610612745,D.J. Wilson,1628391,,37.0,92.0,25.0,19.0,3.0,133.0,362.94,Houston Rockets
1610612745,John Wall,202322,,,,,,,,,Houston Rockets
1610612745,David Nwaba,1628021,,20.0,45.0,8.0,8.0,11.0,104.0,268.46,Houston Rockets
1610612745,Kevin Porter Jr.,1629645,,50.0,162.0,109.0,93.0,46.0,498.0,1161.72,Houston Rockets
1610612745,Danuel House Jr.,1627863,,63.0,267.0,85.0,54.0,67.0,662.0,1912.6516666666664,Houston Rockets
1610612745,Danté Exum,203957,,35.0,67.0,40.0,31.0,13.0,159.0,485.62,Houston Rockets
1610612745,KJ Martin,1630231,,37.72928176795581,102.95580110497238,50.85635359116022,29.734806629834253,18.607734806629836,224.7513812154696,600.6825874769797,Houston Rockets
1610612745,Armoni Brooks,1629717,,20.071428571428573,50.19747899159664,27.34453781512605,14.172268907563025,9.441176470588236,109.50420168067228,285.744943977591,Houston Rockets
1610612745,Jae'Sean Tate,1630256,Signed on 11/25/20,20.071428571428573,50.19747899159664,27.34453781512605,14.172268907563025,9.441176470588236,109.50420168067228,285.744943977591,Houston Rockets
1610612745,Avery Bradley,202340,,49.0,115.0,63.0,47.0,43.0,423.0,1186.465,Houston Rockets
1610612745,Eric Gordon,201569,,36.0,71.0,54.0,43.0,23.0,520.0,1016.205,Houston Rockets
1610612745,Khyri Thomas,1629017,,8.0,1.0,3.0,3.0,3.0,17.0,61.20666666666666,Houston Rockets
1610612745,D.J. Augustin,201571,,57.0,122.0,262.0,86.0,34.0,599.0,1420.415,Houston Rockets
1610612745,Anthony Lamb,1630237,,20.071428571428573,50.19747899159664,27.34453781512605,14.172268907563025,9.441176470588236,109.50420168067228,285.744943977591,Houston Rockets
1610612745,Christian Wood,1626174,,62.0,390.0,60.0,84.0,34.0,810.0,1324.6433333333334,Houston Rockets
1610612745,Kelly Olynyk,203482,,67.0,305.0,116.0,71.0,45.0,549.0,1300.305,Houston Rockets
1610612746,Jay Scrubb,1630206,,37.72928176795581,102.95580110497238,50.85635359116022,29.734806629834253,18.607734806629836,224.7513812154696,600.6825874769797,Los Angeles Clippers
1610612746,Reggie Jackson,202704,,31.0,92.0,126.0,51.0,13.0,370.0,742.66,Los Angeles Clippers
1610612746,Kawhi Leonard,202695,Signed on 07/09/19,57.0,402.0,280.0,149.0,103.0,1543.0,1848.1083333333331,Los Angeles Clippers
1610612746,Rajon Rondo,200765,,48.0,142.0,240.0,91.0,40.0,342.0,984.24,Los Angeles Clippers
1610612746,Luke Kennard,1628379,,28.0,98.0,115.0,43.0,12.0,442.0,921.9233333333332,Los Angeles Clippers
1610612746,Amir Coffey,1629599,,18.0,16.0,14.0,8.0,5.0,58.0,158.99,Los Angeles Clippers
1610612746,Marcus Morris Sr.,202694,,62.0,311.0,86.0,97.0,47.0,1033.0,1936.2733333333333,Los Angeles Clippers
1610612746,Serge Ibaka,201586,,55.0,452.0,77.0,109.0,28.0,845.0,1484.6266666666668,Los Angeles Clippers
1610612746,Daniel Oturu,1630187,,37.72928176795581,102.95580110497238,50.85635359116022,29.734806629834253,18.607734806629836,224.7513812154696,600.6825874769797,Los Angeles Clippers
1610612746,Yogi Ferrell,1627812,,50.0,49.0,69.0,28.0,18.0,218.0,529.76,Los Angeles Clippers
1610612746,Paul George,202331,,48.0,272.0,185.0,125.0,68.0,1033.0,1418.878333333333,Los Angeles Clippers
1610612746,Terance Mann,1629611,,41.0,55.0,53.0,18.0,11.0,99.0,362.12,Los Angeles Clippers
1610612746,DeMarcus Cousins,202326,,20.071428571428573,50.19747899159664,27.34453781512605,14.172268907563025,9.441176470588236,109.50420168067228,285.744943977591,Los Angeles Clippers
1610612746,Patrick Beverley,201976,,51.0,266.0,183.0,66.0,54.0,405.0,1341.7016666666666,Los Angeles Clippers
1610612746,Nicolas Batum,201587,Signed on 07/09/24,22.0,100.0,66.0,22.0,17.0,79.0,504.9816666666667,Los Angeles Clippers
1610612746,Ivica Zubac,1627826,Traded from LAL on 02/07/19,72.0,543.0,82.0,61.0,16.0,596.0,1326.0,Los Angeles Clippers
1610612746,Patrick Patterson,202335,,59.0,151.0,41.0,21.0,7.0,292.0,776.1866666666666,Los Angeles Clippers
1610612747,Kyle Kuzma,1628398,,61.0,273.0,80.0,91.0,28.0,782.0,1526.185,Los Angeles Lakers
1610612747,Kentavious Caldwell-Pope,203484,,69.0,142.0,111.0,62.0,57.0,645.0,1761.9616666666666,Los Angeles Lakers
1610612747,Andre Drummond,203083,,57.0,864.0,152.0,203.0,109.0,1010.0,1878.2016666666664,Los Angeles Lakers
1610612747,Anthony Davis,203076,,62.0,577.0,200.0,154.0,91.0,1618.0,2131.193333333333,Los Angeles Lakers
1610612747,Alex Caruso,1627936,,64.0,123.0,124.0,53.0,70.0,349.0,1175.275,Los Angeles Lakers
1610612747,Talen Horton-Tucker,1629659,,6.0,7.0,6.0,6.0,8.0,34.0,81.15,Los Angeles Lakers
1610612747,LeBron James,2544,Signed on 07/09/18,67.0,525.0,684.0,261.0,78.0,1698.0,2316.266666666667,Los Angeles Lakers
1610612747,Ben McLemore,203463,,71.0,157.0,58.0,50.0,45.0,715.0,1619.485,Los Angeles Lakers
1610612747,Wesley Matthews,202083,,67.0,166.0,92.0,43.0,38.0,494.0,1634.865,Los Angeles Lakers
1610612747,Jared Dudley,201162,,45.0,52.0,28.0,8.0,15.0,68.0,363.56666666666666,Los Angeles Lakers
1610612747,Devontae Cacok,1629719,,1.0,5.0,1.0,0.0,0.0,6.0,8.866666666666667,Los Angeles Lakers
1610612747,Marc Gasol,201188,,44.0,275.0,147.0,59.0,34.0,331.0,1161.1566666666668,Los Angeles Lakers
1610612747,Montrezl Harrell,1626149,,63.0,445.0,107.0,108.0,39.0,1173.0,1749.1266666666668,Los Angeles Lakers
1610612747,Dennis Schröder,203471,,65.0,236.0,262.0,166.0,45.0,1229.0,1998.8966666666668,Los Angeles Lakers
1610612747,Alfonzo McKinnie,1628035,,40.0,113.0,14.0,26.0,23.0,182.0,593.4583333333334,Los Angeles Lakers
1610612747,Kostas Antetokounmpo,1628961,,5.0,3.0,2.0,1.0,0.0,7.0,20.105,Los Angeles Lakers
1610612747,Markieff Morris,202693,Traded from DAL on 02/02/25,58.0,218.0,77.0,76.0,31.0,560.0,1187.5333333333333,Los Angeles Lakers
1610612748,Gabe Vincent,1629216,,9.0,5.0,6.0,1.0,5.0,22.0,82.81166666666667,Miami Heat
1610612748,Victor Oladipo,203506,,19.0,75.0,56.0,47.0,17.0,275.0,528.14,Miami Heat
1610612748,Precious Achiuwa,1630173,,37.72928176795581,102.95580110497238,50.85635359116022,29.734806629834253,18.607734806629836,224.7513812154696,600.6825874769797,Miami Heat
1610612748,Goran Dragic,201609,,59.0,187.0,301.0,144.0,40.0,953.0,1662.8666666666666,Miami Heat
1610612748,Trevor Ariza,2772,,53.0,246.0,91.0,56.0,69.0,423.0,1492.275,Miami Heat
1610612748,KZ Okpala,1629644,,5.0,5.0,1.0,1.0,2.0,7.0,25.975,Miami Heat
1610612748,Bam Adebayo,1628389,#14 Pick in 2017 Draft,72.0,735.0,368.0,204.0,82.0,1146.0,2416.9616666666666,Miami Heat
1610612748,Tyler Herro,1629639,#13 Pick in 2019 Draft,55.0,224.0,121.0,87.0,34.0,743.0,1508.08,Miami Heat
1610612748,Dewayne Dedmon,203473,,44.0,249.0,22.0,57.0,25.0,256.0,773.655,Miami Heat
1610612748,Jimmy Butler III,202710,,58.0,386.0,350.0,127.0,103.0,1157.0,1959.1033333333332,Miami Heat
1610612748,Kendrick Nunn,1629134,,67.0,180.0,220.0,114.0,56.0,1024.0,1962.4683333333332,Miami Heat
1610612748,Andre Iguodala,2738,,21.0,78.0,51.0,26.0,14.0,96.0,418.1666666666667,Miami Heat
1610612748,Max Strus,1629622,,2.0,1.0,0.0,0.0,0.0,5.0,6.233333333333333,Miami Heat
1610612748,Udonis Haslem,2617,,4.0,16.0,1.0,1.0,0.0,12.0,44.13,Miami Heat
1610612748,Duncan Robinson,1629130,,73.0,232.0,102.0,70.0,35.0,983.0,2165.63,Miami Heat
1610612748,Nemanja Bjelica,202357,,72.0,458.0,203.0,99.0,62.0,831.0,2011.1883333333333,Miami Heat
1610612748,Omer Yurtseven,1630209,,20.071428571428573,50.19747899159664,27.34453781512605,14.172268907563025,9.441176470588236,109.50420168067228,285.744943977591,Miami Heat
1610612749,Donte DiVincenzo,1628978,,66.0,318.0,154.0,90.0,85.0,610.0,1520.4066666666668,Milwaukee Bucks
1610612749,Elijah Bryant,1629091,,20.071428571428573,50.19747899159664,27.34453781512605,14.172268907563025,9.441176470588236,109.50420168067228,285.744943977591,Milwaukee Bucks
1610612749,Jeff Teague,201952,,59.0,142.0,308.0,116.0,44.0,641.0,1464.2766666666666,Milwaukee Bucks
1610612749,Bryn Forbes,1627854,,63.0,126.0,108.0,57.0,33.0,707.0,1579.215,Milwaukee Bucks
1610612749,Bobby Portis,1626171,Signed on 11/24/20,66.0,338.0,98.0,73.0,32.0,668.0,1393.506666666667,Milwaukee Bucks
1610612749,Brook Lopez,201572,,68.0,312.0,99.0,70.0,46.0,813.0,1816.9366666666667,Milwaukee Bucks
1610612749,Jordan Nwora,1629670,,37.72928176795581,102.95580110497238,50.85635359116022,29.734806629834253,18.607734806629836,224.7513812154696,600.6825874769797,Milwaukee Bucks
1610612749,Sam Merrill,1630241,,37.72928176795581,102.95580110497238,50.85635359116022,29.734806629834253,18.607734806629836,224.7513812154696,600.6825874769797,Milwaukee Bucks
1610612749,P.J. Tucker,200782,,72.0,476.0,115.0,72.0,77.0,500.0,2467.233333333333,Milwaukee Bucks
1610612749,Jrue Holiday,201950,,61.0,293.0,408.0,184.0,99.0,1167.0,2116.8166666666666,Milwaukee Bucks
1610612749,Khris Middleton,203114,,62.0,382.0,265.0,137.0,53.0,1297.0,1852.6716666666664,Milwaukee Bucks
1610612749,Pat Connaughton,1626192,,67.0,284.0,107.0,52.0,25.0,360.0,1243.1333333333334,Milwaukee Bucks
1610612749,Mamadi Diakite,1629603,,20.071428571428573,50.19747899159664,27.34453781512605,14.172268907563025,9.441176470588236,109.50420168067228,285.744943977591,Milwaukee Bucks
1610612749,Giannis Antetokounmpo,203507,#15 Pick in 2013 Draft,63.0,856.0,354.0,230.0,61.0,1857.0,1916.88,Milwaukee Bucks
1610612749,Thanasis Antetokounmpo,203648,Signed on 07/16/19,20.0,24.0,15.0,12.0,7.0,55.0,128.63,Milwaukee Bucks
1610612749,Justin Jackson,1628382,,65.0,154.0,52.0,14.0,15.0,360.0,1044.631666666667,Milwaukee Bucks
1610612749,Axel Toupane,1626253,,20.071428571428573,50.19747899159664,27.34453781512605,14.172268907563025,9.441176470588236,109.50420168067228,285.744943977591,Milwaukee Bucks
1610612750,D'Angelo Russell,1626156,,45.0,177.0,285.0,147.0,48.0,1039.0,1452.128333333333,Minnesota Timberwolves
1610612750,Anthony Edwards,1630162,#1 Pick in 2020 Draft,65.28571428571429,366.07142857142856,195.6428571428571,144.14285714285714,56.285714285714285,1007.4285714285714,1901.5902380952384,Minnesota Timberwolves
1610612750,Jaden McDaniels,1630183,Draft Rights Traded from OKC on 11/20/20,37.72928176795581,102.95580110497238,50.85635359116022,29.734806629834253,18.607734806629836,224.7513812154696,600.6825874769797,Minnesota Timberwolves
1610612750,Jaylen Nowell,1629669,,15.0,13.0,19.0,3.0,3.0,57.0,151.20166666666665,Minnesota Timberwolves
1610612750,Malik Beasley,1627736,,55.0,148.0,75.0,57.0,40.0,615.0,1208.7116666666666,Minnesota Timberwolves
1610612750,Jordan McLaughlin,1629162,,30.0,49.0,125.0,31.0,34.0,229.0,590.4466666666667,Minnesota Timberwolves
1610612750,Jarred Vanderbilt,1629020,,11.0,9.0,2.0,7.0,3.0,12.0,46.53666666666667,Minnesota Timberwolves
1610612750,Ricky Rubio,201937,,65.0,304.0,570.0,173.0,94.0,847.0,2016.361666666667,Minnesota Timberwolves
1610612750,Jake Layman,1627774,,23.0,57.0,15.0,24.0,17.0,210.0,505.1766666666667,Minnesota Timberwolves
1610612750,Naz Reid,1629675,Signed on 07/04/19,30.0,124.0,35.0,22.0,19.0,269.0,495.4633333333333,Minnesota Timberwolves
1610612750,Ed Davis,202334,,28.0,105.0,12.0,13.0,11.0,51.0,303.4716666666667,Minnesota Timberwolves
1610612750,Josh Okogie,1629006,,62.0,268.0,99.0,87.0,68.0,533.0,1547.2933333333333,Minnesota Timberwolves
1610612750,Jarrett Culver,1629633,,63.0,212.0,110.0,81.0,57.0,580.0,1505.6066666666666,Minnesota Timberwolves
1610612750,Karl-Anthony Towns,1626157,,35.0,378.0,153.0,110.0,33.0,926.0,1187.03,Minnesota Timberwolves
1610612750,Juancho Hernangomez,1627823,,48.0,197.0,40.0,32.0,19.0,288.0,833.5116666666667,Minnesota Timberwolves
1610612751,Reggie Perry,1629617,,37.72928176795581,102.95580110497238,50.85635359116022,29.734806629834253,18.607734806629836,224.7513812154696,600.6825874769797,Brooklyn Nets
1610612751,Bruce Brown,1628971,,58.0,274.0,230.0,100.0,63.0,517.0,1634.0416666666667,Brooklyn Nets
1610612751,Blake Griffin,201933,,18.0,84.0,59.0,40.0,7.0,279.0,512.28,Brooklyn Nets
1610612751,Chris Chiozza,1629185,,28.0,53.0,83.0,32.0,21.0,142.0,400.96166666666664,Brooklyn Nets
1610612751,DeAndre Jordan,201599,,56.0,561.0,105.0,74.0,18.0,465.0,1234.1666666666667,Brooklyn Nets
1610612751,Kevin Durant,201142,,,,,,,,,Brooklyn Nets
1610612751,Jeff Green,201145,,48.0,133.0,50.0,42.0,26.0,453.0,960.1016666666668,Brooklyn Nets
1610612751,Timothe Luwawu-Cabarrot,1627789,,47.0,127.0,29.0,37.0,18.0,365.0,852.6666666666666,Brooklyn Nets
1610612751,Tyler Johnson,204020,,39.0,76.0,74.0,29.0,16.0,274.0,709.3016666666666,Brooklyn Nets
1610612751,Kyrie Irving,202681,,20.0,103.0,128.0,52.0,27.0,548.0,657.9666666666667,Brooklyn Nets
1610612751,Joe Harris,203925,,69.0,298.0,144.0,104.0,41.0,998.0,2123.015,Brooklyn Nets
1610612751,James Harden,201935,,68.0,446.0,512.0,308.0,125.0,2335.0,2482.55,Brooklyn Nets
1610612751,Landry Shamet,1629013,,53.0,100.0,99.0,42.0,20.0,492.0,1451.93,Brooklyn Nets
1610612751,Alize Johnson,1628993,,17.0,48.0,7.0,7.0,3.0,34.0,117.72666666666667,Brooklyn Nets
1610612751,Spencer Dinwiddie,203915,,64.0,221.0,432.0,174.0,40.0,1318.0,1994.15,Brooklyn Nets
1610612751,Nic Claxton,1629651,#31 Pick in 2019 Draft,15.0,44.0,16.0,9.0,1.0,66.0,186.85,Brooklyn Nets
1610612751,Mike James,1628455,,20.071428571428573,50.19747899159664,27.34453781512605,14.172268907563025,9.441176470588236,109.50420168067228,285.744943977591,Brooklyn Nets
1610612752,Luca Vildoza,1630492,,20.071428571428573,50.19747899159664,27.34453781512605,14.172268907563025,9.441176470588236,109.50420168067228,285.744943977591,New York Knicks
1610612752,Jared Harper,1629607,,3.0,0.0,0.0,0.0,0.0,2.0,7.883333333333334,New York Knicks
1610612752,Obi Toppin,1630167,,58.5,229.859375,115.546875,71.5,39.0,527.75,1307.3595572916668,New York Knicks
1610612752,Nerlens Noel,203457,,61.0,300.0,57.0,66.0,59.0,449.0,1126.9333333333334,New York Knicks
1610612752,Derrick Rose,201565,,50.0,121.0,278.0,126.0,40.0,904.0,1297.66,New York Knicks
1610612752,Immanuel Quickley,1630193,,37.72928176795581,102.95580110497238,50.85635359116022,29.734806629834253,18.607734806629836,224.7513812154696,600.6825874769797,New York Knicks
1610612752,Elfrid Payton,203901,,45.0,212.0,323.0,96.0,70.0,449.0,1245.8833333333334,New York Knicks
1610612752,RJ Barrett,1629628,,56.0,279.0,143.0,124.0,55.0,803.0,1704.4216666666666,New York Knicks
1610612752,Frank Ntilikina,1628373,,57.0,121.0,172.0,71.0,54.0,357.0,1186.6733333333334,New York Knicks
1610612752,Norvel Pelle,203658,,24.0,72.0,8.0,18.0,3.0,57.0,231.73833333333337,New York Knicks
1610612752,Alec Burks,202692,,66.0,282.0,189.0,91.0,62.0,993.0,1754.2516666666668,New York Knicks
1610612752,Kevin Knox II,1628995,,65.0,184.0,61.0,45.0,23.0,419.0,1166.1333333333334,New York Knicks
1610612752,Theo Pinson,1629033,,33.0,54.0,56.0,33.0,17.0,120.0,365.4116666666667,New York Knicks
1610612752,Mitchell Robinson,1629011,#36 Pick in 2018 Draft,61.0,428.0,36.0,37.0,52.0,590.0,1412.325,New York Knicks
1610612752,Reggie Bullock Jr.,203493,,29.0,68.0,42.0,19.0,25.0,234.0,684.325,New York Knicks
1610612752,Julius Randle,203944,,64.0,622.0,198.0,193.0,51.0,1248.0,2080.4,New York Knicks
1610612752,Taj Gibson,201959,,62.0,267.0,52.0,47.0,27.0,379.0,1025.1666666666667,New York Knicks
1610612753,Jonathan Isaac,1628371,#6 Pick in 2017 Draft,34.0,231.0,48.0,49.0,53.0,404.0,979.895,Orlando Magic
1610612753,Chuma Okeke,1629643,,20.071428571428573,50.19747899159664,27.34453781512605,14.172268907563025,9.441176470588236,109.50420168067228,285.744943977591,Orlando Magic
1610612753,Mo Bamba,1628964,,62.0,302.0,42.0,42.0,23.0,332.0,878.3683333333333,Orlando Magic
1610612753,Michael Carter-Williams,203487,,45.0,147.0,109.0,52.0,49.0,323.0,833.1433333333333,Orlando Magic
1610612753,Dwayne Bacon,1628407,,39.0,100.0,52.0,37.0,23.0,224.0,687.3033333333333,Orlando Magic
1610612753,James Ennis III,203516,,69.0,245.0,63.0,58.0,35.0,454.0,1265.905,Orlando Magic
1610612753,R.J. Hampton,1630181,,37.72928176795581,102.95580110497238,50.85635359116022,29.734806629834253,18.607734806629836,224.7513812154696,600.6825874769797,Orlando Magic
1610612753,Gary Harris,203914,,56.0,163.0,118.0,60.0,76.0,581.0,1780.2,Orlando Magic
1610612753,Sindarius Thornwell,1628414,,2.0,4.0,4.0,2.0,1.0,16.0,35.483333333333334,Orlando Magic
1610612753,Ignas Brazdeikis,1629649,,9.0,5.0,4.0,2.0,0.0,17.0,53.25,Orlando Magic
1610612753,Markelle Fultz,1628365,,72.0,238.0,369.0,147.0,90.0,870.0,1995.945,Orlando Magic
1610612753,Moritz Wagner,1629021,Signed on 04/27/21,45.0,219.0,56.0,66.0,28.0,393.0,835.3316666666667,Orlando Magic
1610612753,Otto Porter Jr.,203490,,14.0,48.0,25.0,11.0,15.0,167.0,330.78,Orlando Magic
1610612753,Chasson Randle,1626184,,3.0,2.0,5.0,0.0,2.0,5.0,40.406666666666666,Orlando Magic
1610612753,Terrence Ross,203082,,69.0,222.0,82.0,70.0,77.0,1016.0,1889.0833333333333,Orlando Magic
1610612753,Wendell Carter Jr.,1628976,Traded from CHI on 03/25/21,43.0,405.0,51.0,72.0,33.0,484.0,1255.7866666666666,Orlando Magic
1610612753,Cole Anthony,1630175,,58.5,229.859375,115.546875,71.5,39.0,527.75,1307.3595572916668,Orlando Magic
1610612754,T.J. Warren,203933,,67.0,280.0,99.0,84.0,78.0,1326.0,2202.3516666666665,Indiana Pacers
1610612754,Cassius Stanley,1630199,,37.72928176795581,102.95580110497238,50.85635359116022,29.734806629834253,18.607734806629836,224.7513812154696,600.6825874769797,Indiana Pacers
1610612754,Aaron Holiday,1628988,,66.0,156.0,225.0,88.0,55.0,627.0,1617.3316666666667,Indiana Pacers
1610612754,Edmond Sumner,1628410,,31.0,46.0,55.0,22.0,15.0,152.0,446.785,Indiana Pacers
1610612754,Malcolm Brogdon,1627763,,54.0,262.0,381.0,131.0,35.0,893.0,1666.2683333333334,Indiana Pacers
1610612754,Justin Holiday,203200,,73.0,238.0,93.0,44.0,87.0,603.0,1825.7016666666664,Indiana Pacers
1610612754,T.J. McConnell,204456,Signed on 07/29/19,71.0,189.0,355.0,100.0,56.0,464.0,1326.045,Indiana Pacers
1610612754,Domantas Sabonis,1627734,,62.0,771.0,310.0,170.0,47.0,1147.0,2158.65,Indiana Pacers
1610612754,Oshae Brissett,1629052,,19.0,26.0,7.0,7.0,4.0,37.0,135.07333333333332,Indiana Pacers
1610612754,JaKarr Sampson,203960,,34.0,88.0,21.0,15.0,16.0,156.0,470.645,Indiana Pacers
1610612754,Doug McDermott,203926,,69.0,174.0,78.0,42.0,12.0,710.0,1372.3916666666669,Indiana Pacers
1610612754,Kelan Martin,1629103,,31.0,96.0,23.0,20.0,7.0,197.0,494.89666666666665,Indiana Pacers
1610612754,Caris LeVert,1627747,,45.0,189.0,199.0,118.0,53.0,842.0,1329.84,Indiana Pacers
1610612754,Jeremy Lamb,203087,,46.0,200.0,96.0,50.0,55.0,577.0,1291.1533333333334,Indiana Pacers
1610612754,Myles Turner,1626167,,62.0,407.0,72.0,85.0,46.0,749.0,1825.8016666666667,Indiana Pacers
1610612754,Amida Brimah,1628578,,20.071428571428573,50.19747899159664,27.34453781512605,14.172268907563025,9.441176470588236,109.50420168067228,285.744943977591,Indiana Pacers
1610612754,Goga Bitadze,1629048,,54.0,106.0,23.0,28.0,10.0,172.0,471.2916666666667,Indiana Pacers
1610612755,Tyrese Maxey,1630178,#21 Pick in 2020 Draft,37.72928176795581,102.95580110497238,50.85635359116022,29.734806629834253,18.607734806629836,224.7513812154696,600.6825874769797,Philadelphia 76ers
1610612755,Mike Scott,203118,,68.0,248.0,56.0,26.0,22.0,408.0,1207.0116666666668,Philadelphia 76ers
1610612755,Isaiah Joe,1630198,,37.72928176795581,102.95580110497238,50.85635359116022,29.734806629834253,18.607734806629836,224.7513812154696,600.6825874769797,Philadelphia 76ers
1610612755,Rayjon Tucker,1629730,,20.0,20.0,5.0,8.0,1.0,62.0,161.44833333333332,Philadelphia 76ers
1610612755,Gary Clark,1629109,,42.0,110.0,17.0,10.0,6.0,156.0,566.3666666666667,Philadelphia 76ers
1610612755,Tobias Harris,202699,,72.0,495.0,227.0,104.0,53.0,1411.0,2469.1783333333333,Philadelphia 76ers
1610612755,Danny Green,201980,,68.0,225.0,91.0,63.0,85.0,547.0,1686.72,Philadelphia 76ers
1610612755,Shake Milton,1629003,,40.0,88.0,104.0,47.0,20.0,377.0,805.365,Philadelphia 76ers
1610612755,Joel Embiid,203954,#3 Pick in 2014 Draft,51.0,593.0,152.0,159.0,45.0,1172.0,1505.815,Philadelphia 76ers
1610612755,Matisse Thybulle,1629680,,65.0,107.0,79.0,51.0,93.0,305.0,1287.4316666666666,Philadelphia 76ers
1610612755,Ben Simmons,1627732,,57.0,444.0,455.0,200.0,119.0,937.0,2016.8633333333332,Philadelphia 76ers
1610612755,Furkan Korkmaz,1627788,,72.0,168.0,79.0,59.0,41.0,704.0,1558.9133333333334,Philadelphia 76ers
1610612755,Seth Curry,203552,,64.0,145.0,124.0,62.0,38.0,793.0,1575.7133333333334,Philadelphia 76ers
1610612755,George Hill,201588,,59.0,177.0,180.0,57.0,47.0,554.0,1271.2016666666666,Philadelphia 76ers
1610612755,Dwight Howard,2730,,69.0,507.0,45.0,84.0,31.0,517.0,1305.7133333333334,Philadelphia 76ers
1610612755,Anthony Tolliver,201229,,55.0,154.0,42.0,34.0,19.0,200.0,871.9233333333333,Philadelphia 76ers
1610612755,Paul Reed,1630194,,37.72928176795581,102.95580110497238,50.85635359116022,29.734806629834253,18.607734806629836,224.7513812154696,600.6825874769797,Philadelphia 76ers
1610612756,Ty-Shon Alexander,1630234,,20.071428571428573,50.19747899159664,27.34453781512605,14.172268907563025,9.441176470588236,109.50420168067228,285.744943977591,Phoenix Suns
1610612756,Devin Booker,1626164,#13 Pick in 2015 Draft,70.0,297.0,456.0,264.0,49.0,1863.0,2511.66,Phoenix Suns
1610612756,Langston Galloway,204038,,66.0,149.0,101.0,40.0,48.0,677.0,1702.225,Phoenix Suns
1610612756,Chris Paul,101108,,70.0,349.0,472.0,161.0,111.0,1232.0,2207.8533333333335,Phoenix Suns
1610612756,Jevon Carter,1628975,,58.0,118.0,84.0,32.0,47.0,287.0,945.1483333333332,Phoenix Suns
1610612756,Frank Kaminsky,1626163,,39.0,176.0,75.0,37.0,14.0,378.0,777.4233333333333,Phoenix Suns
1610612756,Jalen Smith,1630188,,58.5,229.859375,115.546875,71.5,39.0,527.75,1307.3595572916668,Phoenix Suns
1610612756,Abdel Nader,1627846,,55.0,100.0,38.0,43.0,23.0,345.0,866.9516666666667,Phoenix Suns
1610612756,Torrey Craig,1628470,,58.0,189.0,47.0,25.0,23.0,315.0,1071.9316666666666,Phoenix Suns
1610612756,Cameron Payne,1626166,,8.0,31.0,24.0,11.0,8.0,87.0,183.15833333333333,Phoenix Suns
1610612756,Dario Šarić,203967,,66.0,406.0,123.0,88.0,37.0,704.0,1631.7816666666668,Phoenix Suns
1610612756,Deandre Ayton,1629028,,38.0,436.0,72.0,80.0,26.0,690.0,1236.335,Phoenix Suns
1610612756,Cameron Johnson,1629661,,57.0,187.0,69.0,32.0,36.0,504.0,1255.405,Phoenix Suns
1610612756,Mikal Bridges,1628969,,73.0,292.0,129.0,73.0,102.0,667.0,2042.128333333333,Phoenix Suns
1610612756,E'Twaun Moore,202734,,56.0,131.0,78.0,40.0,32.0,466.0,1019.8866666666668,Phoenix Suns
1610612756,Jae Crowder,203109,,65.0,384.0,161.0,69.0,72.0,684.0,1874.7316666666663,Phoenix Suns
1610612757,Carmelo Anthony,2546,,58.0,368.0,85.0,100.0,49.0,895.0,1902.0466666666664,Portland Trail Blazers
1610612757,Damian Lillard,203081,Signed on 07/19/25,66.0,284.0,530.0,194.0,70.0,1978.0,2473.655,Portland Trail Blazers
1610612757,Anfernee Simons,1629014,,70.0,152.0,97.0,61.0,26.0,579.0,1448.8066666666666,Portland Trail Blazers
1610612757,Rondae Hollis-Jefferson,1626178,,60.0,283.0,106.0,59.0,46.0,418.0,1121.895,Portland Trail Blazers
1610612757,CJ McCollum,203468,,70.0,297.0,310.0,127.0,54.0,1556.0,2556.5916666666667,Portland Trail Blazers
1610612757,Harry Giles III,1628385,,46.0,188.0,60.0,44.0,22.0,316.0,667.0033333333333,Portland Trail Blazers
1610612757,Derrick Jones Jr.,1627884,,59.0,233.0,62.0,30.0,58.0,500.0,1375.0833333333333,Portland Trail Blazers
1610612757,Nassir Little,1629642,,48.0,108.0,22.0,15.0,13.0,172.0,572.485,Portland Trail Blazers
1610612757,Enes Freedom,202683,,58.0,431.0,56.0,56.0,22.0,469.0,983.3383333333334,Portland Trail Blazers
1610612757,CJ Elleby,1629604,,37.72928176795581,102.95580110497238,50.85635359116022,29.734806629834253,18.607734806629836,224.7513812154696,600.6825874769797,Portland Trail Blazers
1610612757,T.J. Leaf,1628388,,28.0,71.0,9.0,8.0,10.0,84.0,221.8,Portland Trail Blazers
1610612757,Keljin Blevins,1629833,,20.071428571428573,50.19747899159664,27.34453781512605,14.172268907563025,9.441176470588236,109.50420168067228,285.744943977591,Portland Trail Blazers
1610612757,Robert Covington,203496,,70.0,463.0,88.0,103.0,115.0,870.0,2136.8083333333334,Portland Trail Blazers
1610612757,Norman Powell,1626181,,52.0,190.0,91.0,77.0,60.0,830.0,1478.825,Portland Trail Blazers
1610612757,Jusuf Nurkić,203994,,8.0,82.0,32.0,19.0,11.0,141.0,253.13833333333332,Portland Trail Blazers
1610612757,Zach Collins,1628380,,11.0,69.0,16.0,14.0,5.0,77.0,289.9066666666667,Portland Trail Blazers
1610612758,Tyrese Haliburton,1630169,,58.5,229.859375,115.546875,71.5,39.0,527.75,1307.3595572916668,Sacramento Kings
1610612758,Jahmi'us Ramsey,1630186,,37.72928176795581,102.95580110497238,50.85635359116022,29.734806629834253,18.607734806629836,224.7513812154696,600.6825874769797,Sacramento Kings
1610612758,De'Aaron Fox,1628368,,51.0,196.0,348.0,158.0,74.0,1077.0,1634.3966666666668,Sacramento Kings
1610612758,Kyle Guy,1629657,,3.0,1.0,1.0,0.0,0.0,4.0,9.583333333333334,Sacramento Kings
1610612758,Maurice Harkless,203090,,62.0,240.0,68.0,53.0,58.0,357.0,1426.775,Sacramento Kings
1610612758,Terence Davis,1629056,,72.0,237.0,115.0,76.0,39.0,543.0,1209.1633333333334,Sacramento Kings
1610612758,Justin James,1629713,,36.0,32.0,18.0,8.0,6.0,89.0,232.36666666666667,Sacramento Kings
1610612758,Robert Woodard II,1630218,,37.72928176795581,102.95580110497238,50.85635359116022,29.734806629834253,18.607734806629836,224.7513812154696,600.6825874769797,Sacramento Kings
1610612758,Damian Jones,1627745,,55.0,206.0,35.0,28.0,26.0,306.0,886.9416666666667,Sacramento Kings
1610612758,Hassan Whiteside,202355,,67.0,905.0,78.0,120.0,26.0,1040.0,2008.0833333333333,Sacramento Kings
1610612758,Richaun Holmes,1626158,,44.0,358.0,42.0,52.0,41.0,539.0,1241.615,Sacramento Kings
1610612758,Louis King,1629663,,10.0,10.0,5.0,2.0,2.0,20.0,62.2,Sacramento Kings
1610612758,Buddy Hield,1627741,,72.0,328.0,213.0,168.0,66.0,1382.0,2216.0616666666665,Sacramento Kings
1610612758,Chimezie Metu,1629002,,18.0,33.0,10.0,10.0,3.0,58.0,105.28,Sacramento Kings
1610612758,Marvin Bagley III,1628963,,13.0,97.0,10.0,18.0,6.0,185.0,333.9266666666667,Sacramento Kings
1610612758,Harrison Barnes,203084,,72.0,355.0,159.0,88.0,43.0,1046.0,2481.615,Sacramento Kings
1610612758,Delon Wright,1626153,,73.0,280.0,244.0,73.0,85.0,504.0,1569.7166666666667,Sacramento Kings
1610612759,Lonnie Walker IV,1629022,,61.0,139.0,68.0,44.0,32.0,389.0,988.2983333333332,San Antonio Spurs
1610612759,Keldon Johnson,1629640,#29 Pick in 2019 Draft,17.0,57.0,15.0,13.0,14.0,154.0,300.5966666666667,San Antonio Spurs
1610612759,Derrick White,1628401,,68.0,223.0,241.0,89.0,44.0,765.0,1676.735,San Antonio Spurs
1610612759,Dejounte Murray,1627749,,66.0,383.0,271.0,125.0,111.0,720.0,1686.763333333333,San Antonio Spurs
1610612759,Gorgui Dieng,203476,,63.0,354.0,73.0,60.0,51.0,464.0,1096.496666666667,San Antonio Spurs
1610612759,Patty Mills,201988,,66.0,108.0,118.0,54.0,53.0,767.0,1484.7483333333332,San Antonio Spurs
1610612759,DeMar DeRozan,201942,,68.0,375.0,380.0,164.0,70.0,1504.0,2316.2833333333333,San Antonio Spurs
1610612759,Drew Eubanks,1629234,,22.0,85.0,15.0,21.0,5.0,107.0,272.22,San Antonio Spurs
1610612759,Quinndary Weatherspoon,1629683,,11.0,7.0,11.0,5.0,3.0,12.0,77.73833333333333,San Antonio Spurs
1610612759,Luka Samanic,1629677,,3.0,10.0,6.0,2.0,0.0,16.0,48.416666666666664,San Antonio Spurs
1610612759,Rudy Gay,200752,,67.0,362.0,114.0,88.0,35.0,726.0,1460.5833333333333,San Antonio Spurs
1610612759,Devin Vassell,1630170,#11 Pick in 2020 Draft,58.5,229.859375,115.546875,71.5,39.0,527.75,1307.3595572916668,San Antonio Spurs
1610612759,Jakob Poeltl,1627751,,66.0,375.0,116.0,54.0,37.0,372.0,1171.1166666666666,San Antonio Spurs
1610612759,Keita Bates-Diop,1628966,,44.0,127.0,30.0,17.0,19.0,288.0,744.3233333333334,San Antonio Spurs
1610612759,Tre Jones,1630200,,37.72928176795581,102.95580110497238,50.85635359116022,29.734806629834253,18.607734806629836,224.7513812154696,600.6825874769797,San Antonio Spurs
1610612759,Trey Lyles,1626168,,63.0,361.0,69.0,39.0,28.0,404.0,1270.8233333333333,San Antonio Spurs
1610612759,DaQuan Jeffries,1629610,,13.0,18.0,7.0,2.0,4.0,50.0,141.11333333333334,San Antonio Spurs
1610612760,Shai Gilgeous-Alexander,1628983,Traded from LAC on 07/10/19,70.0,412.0,232.0,134.0,79.0,1331.0,2428.335,Oklahoma City Thunder
1610612760,Luguentz Dort,1629652,Signed on 07/06/19,36.0,81.0,27.0,22.0,31.0,244.0,820.33,Oklahoma City Thunder
1610612760,Gabriel Deck,1630466,,20.071428571428573,50.19747899159664,27.34453781512605,14.172268907563025,9.441176470588236,109.50420168067228,285.744943977591,Oklahoma City Thunder
1610612760,Darius Bazley,1629647,,61.0,246.0,41.0,45.0,23.0,342.0,1129.46,Oklahoma City Thunder
1610612760,Kemba Walker,202689,,56.0,217.0,268.0,117.0,48.0,1145.0,1742.405,Oklahoma City Thunder
1610612760,Jaylen Hoard,1629658,,13.0,32.0,4.0,4.0,5.0,38.0,102.99833333333332,Oklahoma City Thunder
1610612760,Theo Maledon,1630177,,37.72928176795581,102.95580110497238,50.85635359116022,29.734806629834253,18.607734806629836,224.7513812154696,600.6825874769797,Oklahoma City Thunder
1610612760,Tony Bradley,1628396,,58.0,267.0,23.0,30.0,14.0,285.0,663.1633333333333,Oklahoma City Thunder
1610612760,Svi Mykhailiuk,1629004,,56.0,104.0,106.0,61.0,41.0,504.0,1265.013333333333,Oklahoma City Thunder
1610612760,Josh Hall,1630221,,20.071428571428573,50.19747899159664,27.34453781512605,14.172268907563025,9.441176470588236,109.50420168067228,285.744943977591,Oklahoma City Thunder
1610612760,Ty Jerome,1629660,,31.0,46.0,44.0,18.0,15.0,102.0,327.59,Oklahoma City Thunder
1610612760,Aleksej Pokusevski,1630197,,37.72928176795581,102.95580110497238,50.85635359116022,29.734806629834253,18.607734806629836,224.7513812154696,600.6825874769797,Oklahoma City Thunder
1610612760,Isaiah Roby,1629676,,3.0,2.0,0.0,1.0,0.0,0.0,11.4,Oklahoma City Thunder
1610612760,Mike Muscala,203488,,47.0,108.0,40.0,17.0,9.0,226.0,571.7666666666667,Oklahoma City Thunder
1610612760,Kenrich Williams,1629026,Traded from NOP on 11/23/20,39.0,186.0,57.0,22.0,27.0,136.0,831.8816666666667,Oklahoma City Thunder
1610612760,Charlie Brown Jr.,1629718,,10.0,4.0,2.0,3.0,2.0,20.0,40.45666666666666,Oklahoma City Thunder
1610612761,Freddie Gillespie,1630273,,20.071428571428573,50.19747899159664,27.34453781512605,14.172268907563025,9.441176470588236,109.50420168067228,285.744943977591,Toronto Raptors
1610612761,Paul Watson,1628778,,10.0,17.0,8.0,3.0,4.0,31.0,87.21166666666667,Toronto Raptors
1610612761,OG Anunoby,1628384,,69.0,364.0,108.0,79.0,96.0,733.0,2065.6766666666667,Toronto Raptors
1610612761,Stanley Johnson,1626169,,25.0,37.0,20.0,15.0,6.0,60.0,149.72666666666666,Toronto Raptors
1610612761,Kyle Lowry,200768,,58.0,292.0,433.0,178.0,82.0,1126.0,2098.3216666666667,Toronto Raptors
1610612761,Malachi Flynn,1630201,,37.72928176795581,102.95580110497238,50.85635359116022,29.734806629834253,18.607734806629836,224.7513812154696,600.6825874769797,Toronto Raptors
1610612761,Yuta Watanabe,1629139,,18.0,20.0,5.0,2.0,5.0,36.0,104.76833333333332,Toronto Raptors
1610612761,Fred VanVleet,1627832,,54.0,203.0,357.0,121.0,100.0,952.0,1928.1533333333336,Toronto Raptors
1610612761,Khem Birch,203920,,48.0,220.0,50.0,31.0,20.0,212.0,922.0183333333332,Toronto Raptors
1610612761,Chris Boucher,1628449,,62.0,277.0,26.0,28.0,22.0,411.0,818.605,Toronto Raptors
1610612761,Rodney Hood,203918,,21.0,72.0,32.0,19.0,17.0,230.0,618.6716666666666,Toronto Raptors
1610612761,Gary Trent Jr.,1629018,,61.0,100.0,61.0,21.0,48.0,541.0,1331.996666666667,Toronto Raptors
1610612761,Pascal Siakam,1627783,,60.0,439.0,207.0,148.0,61.0,1371.0,2110.161666666667,Toronto Raptors
1610612761,Aron Baynes,203382,,42.0,237.0,67.0,50.0,10.0,481.0,934.4366666666666,Toronto Raptors
1610612761,DeAndre' Bembry,1627761,,43.0,152.0,81.0,60.0,55.0,249.0,915.36,Toronto Raptors
1610612762,Jordan Clarkson,203903,,71.0,187.0,136.0,97.0,46.0,1078.0,1704.7283333333332,Utah Jazz
1610612762,Joe Ingles,204060,,72.0,278.0,373.0,142.0,65.0,707.0,2136.576666666667,Utah Jazz
1610612762,Trent Forrest,1630235,,20.071428571428573,50.19747899159664,27.34453781512605,14.172268907563025,9.441176470588236,109.50420168067228,285.744943977591,Utah Jazz
1610612762,Jarrell Brantley,1629714,,9.0,20.0,11.0,7.0,3.0,24.0,96.03,Utah Jazz
1610612762,Mike Conley,201144,,47.0,151.0,208.0,92.0,36.0,675.0,1363.2733333333333,Utah Jazz
1610612762,Derrick Favors,202324,,51.0,501.0,81.0,55.0,30.0,459.0,1242.455,Utah Jazz
1610612762,Juwan Morgan,1629752,,21.0,29.0,6.0,6.0,1.0,36.0,134.45666666666668,Utah Jazz
1610612762,Udoka Azubuike,1628962,,37.72928176795581,102.95580110497238,50.85635359116022,29.734806629834253,18.607734806629836,224.7513812154696,600.6825874769797,Utah Jazz
1610612762,Matt Thomas,1629744,,41.0,61.0,22.0,16.0,10.0,202.0,440.02,Utah Jazz
1610612762,Royce O'Neale,1626220,,71.0,389.0,180.0,61.0,59.0,450.0,2049.4683333333332,Utah Jazz
1610612762,Rudy Gobert,203497,,68.0,916.0,101.0,130.0,51.0,1026.0,2332.7066666666665,Utah Jazz
1610612762,Georges Niang,1627777,Traded from BOS on 08/06/25,66.0,127.0,44.0,30.0,18.0,392.0,923.1916666666668,Utah Jazz
1610612762,Elijah Hughes,1630190,,37.72928176795581,102.95580110497238,50.85635359116022,29.734806629834253,18.607734806629836,224.7513812154696,600.6825874769797,Utah Jazz
1610612762,Bojan Bogdanovic,202711,,63.0,259.0,131.0,159.0,34.0,1275.0,2082.81,Utah Jazz
1610612762,Donovan Mitchell,1628378,,69.0,304.0,294.0,184.0,70.0,1655.0,2363.9666666666667,Utah Jazz
1610612762,Ersan Ilyasova,101141,,63.0,302.0,49.0,34.0,24.0,414.0,986.3833333333332,Utah Jazz
1610612762,Miye Oni,1629671,,10.0,17.0,4.0,4.0,4.0,35.0,109.075,Utah Jazz
1610612763,De'Anthony Melton,1629001,,60.0,220.0,175.0,84.0,77.0,455.0,1167.3466666666666,Memphis Grizzlies
1610612763,Kyle Anderson,203937,,67.0,285.0,162.0,66.0,54.0,390.0,1329.8866666666668,Memphis Grizzlies
1610612763,Xavier Tillman,1630214,,37.72928176795581,102.95580110497238,50.85635359116022,29.734806629834253,18.607734806629836,224.7513812154696,600.6825874769797,Memphis Grizzlies
1610612763,Grayson Allen,1628960,,38.0,85.0,52.0,33.0,10.0,330.0,718.47,Memphis Grizzlies
1610612763,Jontay Porter,1629007,,,,,,,,,Memphis Grizzlies
1610612763,Justise Winslow,1626159,,11.0,73.0,44.0,24.0,7.0,124.0,352.25,Memphis Grizzlies
1610612763,Tim Frazier,204025,,27.0,33.0,93.0,36.0,14.0,97.0,354.82666666666665,Memphis Grizzlies
1610612763,Ja Morant,1629630,#2 Pick in 2019 Draft,67.0,259.0,488.0,220.0,58.0,1193.0,2074.3233333333333,Memphis Grizzlies
1610612763,Jaren Jackson Jr.,1628991,#4 Pick in 2018 Draft,57.0,262.0,78.0,99.0,40.0,990.0,1621.993333333333,Memphis Grizzlies
1610612763,Brandon Clarke,1629634,Draft Rights Traded from OKC on 07/06/19,58.0,345.0,81.0,55.0,32.0,700.0,1300.02,Memphis Grizzlies
1610612763,Jonas Valančiūnas,202685,,70.0,788.0,131.0,127.0,30.0,1044.0,1845.1033333333332,Memphis Grizzlies
1610612763,Tyus Jones,1626145,,65.0,103.0,285.0,55.0,59.0,484.0,1231.9766666666667,Memphis Grizzlies
1610612763,Desmond Bane,1630217,,37.72928176795581,102.95580110497238,50.85635359116022,29.734806629834253,18.607734806629836,224.7513812154696,600.6825874769797,Memphis Grizzlies
1610612763,Dillon Brooks,1628415,,73.0,243.0,150.0,124.0,63.0,1181.0,2111.9883333333332,Memphis Grizzlies
1610612763,Sean McDermott,1630253,,20.071428571428573,50.19747899159664,27.34453781512605,14.172268907563025,9.441176470588236,109.50420168067228,285.744943977591,Memphis Grizzlies
1610612763,Killian Tillie,1629681,,20.071428571428573,50.19747899159664,27.34453781512605,14.172268907563025,9.441176470588236,109.50420168067228,285.744943977591,Memphis Grizzlies
1610612763,John Konchar,1629723,Signed on 07/07/19,19.0,47.0,22.0,7.0,7.0,54.0,181.11333333333337,Memphis Grizzlies
1610612764,Caleb Homesley,1630258,,20.071428571428573,50.19747899159664,27.34453781512605,14.172268907563025,9.441176470588236,109.50420168067228,285.744943977591,Washington Wizards
1610612764,Chandler Hutchison,1628990,,28.0,108.0,26.0,27.0,27.0,218.0,526.7916666666666,Washington Wizards
1610612764,Bradley Beal,203078,,57.0,242.0,347.0,194.0,71.0,1741.0,2053.096666666667,Washington Wizards
1610612764,Russell Westbrook,201566,,57.0,451.0,401.0,255.0,93.0,1553.0,2049.1683333333335,Washington Wizards
1610612764,Cassius Winston,1630216,,37.72928176795581,102.95580110497238,50.85635359116022,29.734806629834253,18.607734806629836,224.7513812154696,600.6825874769797,Washington Wizards
1610612764,Rui Hachimura,1629060,,48.0,294.0,87.0,53.0,37.0,649.0,1444.0316666666668,Washington Wizards
1610612764,Deni Avdija,1630166,,58.5,229.859375,115.546875,71.5,39.0,527.75,1307.3595572916668,Washington Wizards
1610612764,Thomas Bryant,1628418,,46.0,331.0,83.0,53.0,25.0,609.0,1146.7916666666667,Washington Wizards
1610612764,Ish Smith,202397,,68.0,219.0,334.0,95.0,59.0,740.0,1786.92,Washington Wizards
1610612764,Robin Lopez,201577,,66.0,161.0,45.0,63.0,10.0,357.0,958.1083333333332,Washington Wizards
1610612764,Anthony Gill,1630264,Signed on 11/30/20,20.071428571428573,50.19747899159664,27.34453781512605,14.172268907563025,9.441176470588236,109.50420168067228,285.744943977591,Washington Wizards
1610612764,Isaac Bonga,1629067,,66.0,222.0,76.0,58.0,45.0,330.0,1249.6516666666666,Washington Wizards
1610612764,Raul Neto,203526,,54.0,61.0,95.0,47.0,24.0,275.0,667.6,Washington Wizards
1610612764,Daniel Gafford,1629655,,43.0,106.0,21.0,29.0,13.0,220.0,609.0533333333333,Washington Wizards
1610612764,Garrison Mathews,1629726,,18.0,24.0,10.0,8.0,8.0,98.0,227.39666666666668,Washington Wizards
1610612764,Alex Len,203458,,55.0,321.0,50.0,55.0,23.0,438.0,970.5233333333332,Washington Wizards
1610612764,Davis Bertans,202722,,54.0,245.0,92.0,59.0,37.0,834.0,1583.0116666666668,Washington Wizards
1610612765,Dennis Smith Jr.,1628372,,34.0,78.0,98.0,58.0,28.0,187.0,537.4,Detroit Pistons
1610612765,Frank Jackson,1628402,,59.0,83.0,61.0,49.0,17.0,371.0,797.155,Detroit Pistons
1610612765,Hamidou Diallo,1628977,,46.0,167.0,36.0,51.0,37.0,318.0,895.5866666666667,Detroit Pistons
1610612765,Killian Hayes,1630165,,58.5,229.859375,115.546875,71.5,39.0,527.75,1307.3595572916668,Detroit Pistons
1610612765,Wayne Ellington,201961,,36.0,65.0,44.0,18.0,13.0,183.0,558.385,Detroit Pistons
1610612765,Jerami Grant,203924,,71.0,248.0,88.0,63.0,50.0,851.0,1891.945,Detroit Pistons
1610612765,Jahlil Okafor,1626143,,30.0,127.0,37.0,38.0,7.0,243.0,466.94166666666666,Detroit Pistons
1610612765,Rodney McGruder,203585,,56.0,151.0,36.0,24.0,26.0,187.0,871.0133333333333,Detroit Pistons
1610612765,Cory Joseph,202709,,72.0,188.0,251.0,80.0,53.0,458.0,1759.3966666666668,Detroit Pistons
1610612765,Josh Jackson,1628367,,22.0,66.0,35.0,28.0,18.0,198.0,381.455,Detroit Pistons
1610612765,Mason Plumlee,203486,,61.0,317.0,154.0,82.0,33.0,437.0,1057.2983333333334,Detroit Pistons
1610612765,Tyler Cook,1629076,,13.0,14.0,1.0,3.0,3.0,23.0,54.071666666666665,Detroit Pistons
1610612765,Isaiah Stewart,1630191,Draft Rights Traded from HOU on 11/24/20,58.5,229.859375,115.546875,71.5,39.0,527.75,1307.3595572916668,Detroit Pistons
1610612765,Saben Lee,1630240,,37.72928176795581,102.95580110497238,50.85635359116022,29.734806629834253,18.607734806629836,224.7513812154696,600.6825874769797,Detroit Pistons
1610612765,Saddiq Bey,1630180,,37.72928176795581,102.95580110497238,50.85635359116022,29.734806629834253,18.607734806629836,224.7513812154696,600.6825874769797,Detroit Pistons
1610612765,Sekou Doumbouya,1629635,,38.0,118.0,19.0,35.0,20.0,243.0,753.7266666666667,Detroit Pistons
1610612765,Deividas Sirvydis,1629686,,20.071428571428573,50.19747899159664,27.34453781512605,14.172268907563025,9.441176470588236,109.50420168067228,285.744943977591,Detroit Pistons
1610612766,Miles Bridges,1628970,Draft Rights Traded from LAC on 06/21/18,65.0,362.0,114.0,95.0,40.0,843.0,1995.5766666666664,Charlotte Hornets
1610612766,Malik Monk,1628370,,55.0,157.0,114.0,77.0,25.0,564.0,1169.1033333333332,Charlotte Hornets
1610612766,LaMelo Ball,1630163,#3 Pick in 2020 Draft,65.28571428571429,366.07142857142856,195.6428571428571,144.14285714285714,56.285714285714285,1007.4285714285714,1901.5902380952384,Charlotte Hornets
1610612766,Terry Rozier,1626179,,63.0,276.0,259.0,141.0,61.0,1134.0,2164.46,Charlotte Hornets
1610612766,Devonte' Graham,1628984,,63.0,212.0,471.0,181.0,62.0,1145.0,2211.2316666666666,Charlotte Hornets
1610612766,Jalen McDaniels,1629667,,16.0,65.0,13.0,11.0,8.0,89.0,293.32166666666666,Charlotte Hornets
1610612766,Grant Riller,1630203,,37.72928176795581,102.95580110497238,50.85635359116022,29.734806629834253,18.607734806629836,224.7513812154696,600.6825874769797,Charlotte Hornets
1610612766,Bismack Biyombo,202687,,53.0,308.0,50.0,48.0,10.0,393.0,1029.0416666666667,Charlotte Hornets
1610612766,Brad Wanamaker,202954,,71.0,144.0,179.0,76.0,61.0,487.0,1369.1166666666666,Charlotte Hornets
1610612766,Caleb Martin,1628997,,18.0,38.0,23.0,15.0,12.0,111.0,316.75333333333333,Charlotte Hornets
1610612766,Cody Martin,1628998,,48.0,158.0,95.0,44.0,39.0,238.0,902.695,Charlotte Hornets
1610612766,Nick Richards,1630208,,37.72928176795581,102.95580110497238,50.85635359116022,29.734806629834253,18.607734806629836,224.7513812154696,600.6825874769797,Charlotte Hornets
1610612766,Gordon Hayward,202330,,52.0,348.0,212.0,96.0,38.0,909.0,1739.9883333333332,Charlotte Hornets
1610612766,Vernon Carey Jr.,1630176,,37.72928176795581,102.95580110497238,50.85635359116022,29.734806629834253,18.607734806629836,224.7513812154696,600.6825874769797,Charlotte Hornets
1610612766,P.J. Washington,1629023,,58.0,316.0,123.0,93.0,51.0,710.0,1758.9916666666666,Charlotte Hornets
1610612766,Nate Darling,1630268,,20.071428571428573,50.19747899159664,27.34453781512605,14.172268907563025,9.441176470588236,109.50420168067228,285.744943977591,Charlotte Hornets
1610612766,Cody Zeller,203469,,58.0,411.0,88.0,75.0,40.0,642.0,1340.6083333333331,Charlotte Hornets
